{
  "name": "zyc2022-swint-hyperprior",
  "description": "Inference (ans)",
  "results": {
    "psnr-rgb": [
      27.819164435068767,
      31.307987769444782,
      35.009759267171226,
      38.89170583089193
    ],
    "ms-ssim-rgb": [
      0.9300241122643153,
      0.9670878971616427,
      0.9853566810488701,
      0.9932600408792496
    ],
    "bpp": [
      0.1285739474826389,
      0.2950541178385417,
      0.629642062717014,
      1.2280341254340277
    ],
    "encoding_time": [
      0.7134298781553904,
      0.13041858871777853,
      0.11810439825057983,
      0.13186773657798767
    ],
    "decoding_time": [
      0.06725738445917766,
      0.06872458259264629,
      0.06855156024297078,
      0.07307381431261699
    ]
  }
}