{
  "name": "zyc2022-conv-hyperprior",
  "description": "Inference (ans)",
  "results": {
    "psnr-rgb": [
      28.55777947107951,
      31.875075260798138,
      35.632777531941734,
      39.3599468866984
    ],
    "ms-ssim-rgb": [
      0.9285487532615662,
      0.9670411820213,
      0.9853845511873564,
      0.9934666082262993
    ],
    "bpp": [
      0.14014350043402776,
      0.3415493435329861,
      0.7270745171440973,
      1.3459913465711806
    ],
    "encoding_time": [
      0.4228660861651103,
      0.061187287171681724,
      0.0563509464263916,
      0.061986406644185386
    ],
    "decoding_time": [
      0.04962413509686788,
      0.05082018176714579,
      0.0503075917561849,
      0.05160860220591227
    ]
  }
}