{
  "name": "zyc2022-swint-charm",
  "description": "Inference (ans)",
  "results": {
    "psnr-rgb": [
      28.851680596669514,
      31.999090592066448,
      35.339920361836754,
      39.02639611562093
    ],
    "ms-ssim-rgb": [
      0.9277629281083742,
      0.9671616007884344,
      0.9852306619286537,
      0.9932041565577189
    ],
    "bpp": [
      0.1199069552951389,
      0.29559326171875006,
      0.6198221842447917,
      1.1833496093749998
    ],
    "encoding_time": [
      0.812192569176356,
      0.16929284731547037,
      0.17017007867495218,
      0.15353731314341226
    ],
    "decoding_time": [
      0.1317352056503296,
      0.12904959917068481,
      0.13324042161305746,
      0.12910696864128113
    ]
  }
}