{
  "name": "zyc2022-conv-charm",
  "description": "Inference (ans)",
  "results": {
    "psnr-rgb": [
      28.839935779571533,
      32.02799948056539,
      35.62397782007853,
      39.400831858317055
    ],
    "ms-ssim-rgb": [
      0.9278445293505987,
      0.9664043684800466,
      0.9853487138946851,
      0.9934786731998125
    ],
    "bpp": [
      0.13754611545138887,
      0.3283759223090278,
      0.6925896538628472,
      1.3088819715711806
    ],
    "encoding_time": [
      0.11109039187431335,
      0.06164376934369405,
      0.06105544169743856,
      0.060714672009150185
    ],
    "decoding_time": [
      0.08282124002774556,
      0.08439696828524272,
      0.08426489432652791,
      0.08544935782750447
    ]
  }
}